.. Templates for use elsewhere (if helpful)
..

.. |default template| replace:: whateverTheDefaultMightBe
.. |path template| replace:: path/to/file/filename.extension
.. |template| replace:: templateForTextStrings
.. |url template| replace:: template.for.URLs


.. Official terminology, product names, versions, and whatnot
..


.. |api actions| replace:: Actions API
.. |api analytics| replace:: Analytics API
.. |api compliance| replace:: Compliance API
.. |api cookbooks site| replace:: Cookbooks Site API
.. |api chef server| replace:: Chef server API
.. |api chef server_title| replace:: Chef Server API
.. |api delivery| replace:: Delivery API
.. |api omnitruck| replace:: Omnitruck API
.. |api push jobs| replace:: Push Jobs API
.. |apparmor| replace:: AppArmor
.. |bento| replace:: Bento
.. |busser| replace:: Busser
.. |chef| replace:: Chef
.. |chef actions| replace:: Chef actions
.. |chef actions_title| replace:: Chef Actions
.. |chef api client| replace:: API client
.. |chef analytics| replace:: Chef Analytics
.. |chef analytics_title| replace:: Chef Analytics
.. |chef analytics ctl| replace:: opscode-analytics-ctl
.. |chef apply| replace:: chef-apply
.. |chef bookshelf| replace:: Bookshelf
.. |chef client| replace:: chef-client
.. |chef client_audit| replace:: audit-mode
.. |chef client_exe| replace:: chef-client
.. |chef client_title| replace:: chef-client
.. |chef compliance| replace:: Chef Compliance
.. |chef container| replace:: chef-container
.. |chef ctl| replace:: chef
.. |chef delivery| replace:: Chef Delivery
.. |chef delivery_short| replace:: Delivery
.. |chef delivery_cli| replace:: delivery
.. |chef delivery_title| replace:: Chef Delivery
.. |chef dk| replace:: Chef development kit
.. |chef dk_title| replace:: Chef DK
.. |chef docker_hub_account| replace:: Chef Docker Hub Account
.. |chef docs| replace:: chef-docs
.. |chef docs_email| replace:: docs@chef.io
.. |chef docs_repo| replace:: chef-docs
.. |chef editor| replace:: $EDITOR
.. |chef expander| replace:: chef-expander
.. |chef expander ctl| replace:: chef-expander-ctl
.. |chef ha| replace:: Chef high availability
.. |chef ha_title| replace:: Chef HA
.. |chef hosted| replace:: Hosted Chef
.. |chef identity| replace:: Chef identify
.. |chef identity_title| replace:: Chef Identify
.. |chef inc| replace:: Chef Software, Inc.
.. |chef init| replace:: chef-init
.. |chef manage| replace:: Chef management console
.. |chef manage_title| replace:: Chef Manage
.. |chef metal| replace:: chef-metal
.. |chef pedant| replace:: chef-pedant
.. |chef private| replace:: Private Chef
.. |chef provisioning| replace:: Chef provisioning
.. |chef provisioning_title| replace:: Chef Provisioning
.. |chef replication| replace:: Chef replication
.. |chef replication_title| replace:: Chef Replication
.. |chef repo| replace:: chef-repo
.. |chef repo hidden| replace:: .chef
.. |chef server| replace:: Chef server
.. |chef server_title| replace:: Chef Server
.. |chef server ctl| replace:: chef-server-ctl
.. |chef server osc| replace:: Open Source Chef
.. |chef server oec| replace:: Enterprise Chef
.. |chef server webui| replace:: chef-server-webui
.. |chef shell| replace:: chef-shell
.. |chef solo| replace:: chef-solo
.. |chef solr| replace:: chef-solr
.. |chef solr indexer| replace:: chef-solr-indexer
.. |chef solr rebuild| replace:: chef-solr-rebuild
.. |chef spec| replace:: ChefSpec
.. |chef splunk| replace:: Chef App for Splunk
.. |chef sync ctl| replace:: chef-sync-ctl
.. |chef validator| replace:: chef-validator
.. |chef vault| replace:: chef-vault
.. |chef zero| replace:: chef-zero
.. |company_name| replace:: Chef
.. |dsl custom_resource| replace:: Custom Resource DSL
.. |dsl delivery| replace:: Delivery DSL
.. |dsl handler| replace:: Handler DSL
.. |dsl compliance| replace:: Compliance DSL
.. |dsl ohai| replace:: Ohai DSL
.. |dsl recipe| replace:: Recipe DSL
.. |dsl resource| replace:: Resource DSL
.. |dsl provider| replace:: Provider DSL
.. |erchef| replace:: Erchef
.. |inspec| replace:: InSpec
.. |inspec cli| replace:: InSpec CLI
.. |inspec resource| replace:: InSpec audit resource
.. |kitchen| replace:: Kitchen
.. |kitchen_title| replace:: Kitchen
.. |kitchen_cli| replace:: kitchen
.. |kitchen_vagrant| replace:: kitchen-vagrant
.. |knife| replace:: knife
.. |knife_title| replace:: Knife
.. |knife qr| replace:: Knife Quick Reference
.. |knife spork| replace:: knife-spork
.. |learnchef| replace:: Learn Chef
.. |ohai| replace:: Ohai
.. |ohai ctl| replace:: ohai
.. |omnibus installer| replace:: omnibus installer
.. |opscode solr| replace:: opscode-solr
.. |opscode solr4| replace:: opscode-solr4
.. |opscode expander ctl| replace:: opscode-expander-ctl
.. |orgmapper| replace:: orgmapper
.. |private chef ctl| replace:: private-chef-ctl
.. |push jobs client| replace:: push-jobs-client
.. |push jobs| replace:: Chef push jobs
.. |push jobs_title| replace:: Chef Push Jobs
.. |reporting| replace:: Chef reporting
.. |reporting_title| replace:: Reporting
.. |reporting ctl| replace:: opscode-reporting-ctl
.. |rules_analytics| replace:: Rules
.. |rules_analytics_title| replace:: Rules
.. |sales_email| replace:: sales@chef.io
.. |supermarket| replace:: Chef Supermarket
.. |supermarket ctl| replace:: supermarket-ctl
.. |support_phone| replace:: 206-508-4799
.. |webui group admins| replace:: ``admins``
.. |webui group billing| replace:: ``billing_admins``
.. |webui group clients| replace:: ``clients``
.. |webui group server_admins| replace:: ``server-admins``
.. |webui group users| replace:: ``users``
.. |whyrun| replace:: why-run


.. Deprecated terms and/or from older versions

.. |shef| replace:: Shef

.. Terms used in Install docs for Private Chef

.. |ha| replace:: High Availability
.. |standalone| replace:: Standalone
.. |tiered| replace:: Standalone

.. Terms used in Install docs for Chef Analytics

.. |combined| replace:: Combined


.. Resources that are built into the chef-client, plus the chef_handler resource:
..

.. |resource batch| replace:: **batch**
.. |resource breakpoint| replace:: **breakpoint**
.. |resource chef_acl| replace:: **chef_acl**
.. |resource chef_client| replace:: **chef_client**
.. |resource chef_container| replace:: **chef_container**
.. |resource chef_data_bag| replace:: **chef_data_bag**
.. |resource chef_data_bag_item| replace:: **chef_data_bag_item**
.. |resource chef_environment| replace:: **chef_environment**
.. |resource chef_gem| replace:: **chef_gem**
.. |resource chef_group| replace:: **chef_group**
.. |resource chef_handler| replace:: **chef_handler**
.. |resource chef_mirror| replace:: **chef_mirror**
.. |resource chef_node| replace:: **chef_node**
.. |resource chef_organization| replace:: **chef_organization**
.. |resource chef_role| replace:: **chef_role**
.. |resource chef_user| replace:: **chef_user**
.. |resource container_service| replace:: **container_service**
.. |resource cookbook_file| replace:: **cookbook_file**
.. |resource cron| replace:: **cron**
.. |resource deploy| replace:: **deploy**
.. |resource deploy_branch| replace:: **deploy_branch**
.. |resource deploy_revision| replace:: **deploy_revision**
.. |resource directory| replace:: **directory**
.. |resource dsc_mof| replace:: **dsc_mof**
.. |resource dsc_resource| replace:: **dsc_resource**
.. |resource dsc_script| replace:: **dsc_script**
.. |resource env| replace:: **env**
.. |resource erlang_call| replace:: **erl_call**
.. |resource execute| replace:: **execute**
.. |resource file| replace:: **file**
.. |resource file_edit| replace:: **file_edit**
.. |resource group| replace:: **group**
.. |resource http_request| replace:: **http_request**
.. |resource ifconfig| replace:: **ifconfig**
.. |resource link| replace:: **link**
.. |resource load_balancer| replace:: **load_balancer**
.. |resource log| replace:: **log**
.. |resource machine| replace:: **machine**
.. |resource machine_batch| replace:: **machine_batch**
.. |resource machine_execute| replace:: **machine_execute**
.. |resource machine_file| replace:: **machine_file**
.. |resource machine_image| replace:: **machine_image**
.. |resource mdadm| replace:: **mdadm**
.. |resource mount| replace:: **mount**
.. |resource ohai| replace:: **ohai**
.. |resource osx_profile| replace:: **osx_profile**
.. |resource package| replace:: **package**
.. |resource package_apt| replace:: **apt_package**
.. |resource package_bff| replace:: **bff_package**
.. |resource package_chocolatey| replace:: **chocolatey_package**
.. |resource package_dpkg| replace:: **dpkg_package**
.. |resource package_easy_install| replace:: **easy_install_package**
.. |resource package_freebsd| replace:: **freebsd_package**
.. |resource package_gem| replace:: **gem_package**
.. |resource package_homebrew| replace:: **homebrew_package**
.. |resource package_ips| replace:: **ips_package**
.. |resource package_macports| replace:: **macports_package**
.. |resource package_openbsd| replace:: **openbsd_package**
.. |resource package_pacman| replace:: **pacman_package**
.. |resource package_paludis| replace:: **paludis_package**
.. |resource package_portage| replace:: **portage_package**
.. |resource package_rpm| replace:: **rpm_package**
.. |resource package_smartos| replace:: **smartos_package**
.. |resource package_smartos_11-6| replace:: **smart_o_s_package**
.. |resource package_solaris| replace:: **solaris_package**
.. |resource package_windows| replace:: **windows_package**
.. |resource powershell_script| replace:: **powershell_script**
.. |resource private_key| replace:: **private_key**
.. |resource public_key| replace:: **public_key**
.. |resource reboot| replace:: **reboot**
.. |resource registry_key| replace:: **registry_key**
.. |resource remote_directory| replace:: **remote_directory**
.. |resource remote_file| replace:: **remote_file**
.. |resource route| replace:: **route**
.. |resource ruby_block| replace:: **ruby_block**
.. |resource scm| replace:: **scm**
.. |resource scm_git| replace:: **git**
.. |resource scm_subversion| replace:: **subversion**
.. |resource script| replace:: **script**
.. |resource script_bash| replace:: **bash**
.. |resource script_csh| replace:: **csh**
.. |resource script_ksh| replace:: **ksh**
.. |resource script_perl| replace:: **perl**
.. |resource script_python| replace:: **python**
.. |resource script_ruby| replace:: **ruby**
.. |resource service| replace:: **service**
.. |resource service_windows| replace:: **windows_service**
.. |resource template| replace:: **template**
.. |resource user| replace:: **user**
.. |resource yum_package| replace:: **yum_package**

.. Lightweight resource providers
..

.. |lwrp| replace:: LWRP


.. Subcommands for Knife and Knife plugins (that are maintained by Chef)
..

.. |subcommand knife analytics| replace:: **knife analytics**
.. |subcommand knife azure| replace:: **knife azure**
.. |subcommand knife bluebox| replace:: **knife bluebox**
.. |subcommand knife bluelock| replace:: **knife bluelock**
.. |subcommand knife bootstrap| replace:: **knife bootstrap**
.. |subcommand knife client| replace:: **knife client**
.. |subcommand knife configure| replace:: **knife configure**
.. |subcommand knife container| replace:: **knife container**
.. |subcommand knife cookbook| replace:: **knife cookbook**
.. |subcommand knife data bag| replace:: **knife data bag**
.. |subcommand knife delete| replace:: **knife delete**
.. |subcommand knife deps| replace:: **knife deps**
.. |subcommand knife diff| replace:: **knife diff**
.. |subcommand knife download| replace:: **knife download**
.. |subcommand knife ec2| replace:: **knife ec2**
.. |subcommand knife edit| replace:: **knife edit**
.. |subcommand knife environment| replace:: **knife environment**
.. |subcommand knife eucalyptus| replace:: **knife eucalyptus**
.. |subcommand knife exec| replace:: **knife exec**
.. |subcommand knife google| replace:: **knife google**
.. |subcommand knife hp| replace:: **knife hp**
.. |subcommand knife index rebuild| replace:: **knife index rebuild**
.. |subcommand knife linode| replace:: **knife linode**
.. |subcommand knife list| replace:: **knife list**
.. |subcommand knife node| replace:: **knife node**
.. |subcommand knife openstack| replace:: **knife openstack**
.. |subcommand knife push jobs| replace:: **knife push**
.. |subcommand knife rackspace| replace:: **knife rackspace**
.. |subcommand knife raw| replace:: **knife raw**
.. |subcommand knife recipe list| replace:: **knife recipe list**
.. |subcommand knife reporting| replace:: **knife reporting**
.. |subcommand knife role| replace:: **knife role**
.. |subcommand knife search| replace:: **knife search**
.. |subcommand knife serve| replace:: **knife serve**
.. |subcommand knife show| replace:: **knife show**
.. |subcommand knife site cookbook| replace:: **knife cookbook site**
.. |subcommand knife spork| replace:: **knife spork**
.. |subcommand knife ssh| replace:: **knife ssh**
.. |subcommand knife ssl_check| replace:: **knife ssl check**
.. |subcommand knife ssl_fetch| replace:: **knife ssl fetch**
.. |subcommand knife status| replace:: **knife status**
.. |subcommand knife supermarket| replace:: **knife supermarket**
.. |subcommand knife tag| replace:: **knife tag**
.. |subcommand knife terremark| replace:: **knife terremark**
.. |subcommand knife upload| replace:: **knife upload**
.. |subcommand knife user| replace:: **knife user**
.. |subcommand knife vcloud| replace:: **knife vcloud**
.. |subcommand knife windows| replace:: **knife windows**
.. |subcommand knife xargs| replace:: **knife xargs**

.. Enterprise Chef services

.. |service account| replace:: **opscode-account**
.. |service authz| replace:: **opscode-authz**
.. |service bifrost| replace:: **oc_bifrost**
.. |service bookshelf| replace:: **bookshelf**
.. |service certificate| replace:: **opscode-certificate**
.. |service chef| replace:: **opscode-chef**
.. |service couchdb| replace:: **couchdb**
.. |service ecsyncd| replace:: **ec-syncd**
.. |service erchef| replace:: **opscode-erchef**
.. |service expander| replace:: **opscode-expander**
.. |service keepalived| replace:: **keepalived**
.. |service nginx| replace:: **nginx**
.. |service nrpe| replace:: **nrpe**
.. |service ocid| replace:: **oc-id**
.. |service orgcreator| replace:: **opscode-org-creator**
.. |service postgresql| replace:: **postgresql**
.. |service push_jobs| replace:: **push_jobs**
.. |service rabbitmq| replace:: **rabbitmq**

.. redis is private chef; redis_lb is chef 11

.. |service redis| replace:: **redis**
.. |service redis_lb| replace:: **redis_lb**
.. |service reindexer| replace:: **opscode-expander-reindexer**
.. |service reporting| replace:: **reporting**
.. |service solr| replace:: **opscode-solr**
.. |service solr4| replace:: **opscode-solr4**
.. |service webui| replace:: **opscode-webui**

.. Chef Analytics services

.. |service actions| replace:: **actions**
.. |service actions_consumer| replace:: **actions_consumer**
.. |service actions_messages| replace:: **actions_messages**
.. |service actions_web| replace:: **actions_web**

.. Popular cookbooks
..

.. |cookbook chef_client| replace:: **chef-client**
.. |cookbook chef_handler| replace:: **chef_handler**
.. |cookbook push jobs| replace:: **push-jobs**
.. |cookbook windows| replace:: **windows**

.. Ruby (and other) configuration files used by Chef and related products.
..

.. |analytics rb| replace:: opscode-analytics.rb
.. |berksfile| replace:: Berksfile
.. |chefignore| replace:: chefignore
.. |chef server rb| replace:: chef-server.rb
.. |chef_shell rb| replace:: chef-shell.rb
.. |chef_sync rb| replace:: chef-sync.rb
.. |chef validator pem| replace:: chef-validator.pem
.. |client rb| replace:: client.rb
.. |config rb| replace:: config.rb
.. |cookbook type_app| replace:: application
.. |cookbook type_base| replace:: base
.. |cookbook type_policy| replace:: policy
.. |cookbook type_wrapper| replace:: wrapper
.. |dockerfile| replace:: Dockerfile
.. |enterprise rb| replace:: private-chef.rb
.. |erb chef_full| replace:: chef-full.erb
.. |erb chef_windows| replace:: windows-chef-client-msi.erb
.. |gitignore| replace:: .gitignore
.. |iso| replace:: .iso
.. |kitchen yml| replace:: .kitchen.yml
.. |knife rb| replace:: knife.rb
.. |manage rb| replace:: manage.rb
.. |metadata rb| replace:: metadata.rb
.. |metadata json| replace:: metadata.json
.. |organization pem| replace:: ORGANIZATION-validator.pem
.. |policyfile rb| replace:: Policyfile.rb
.. |policylock| replace:: Policyfile.lock.json
.. |private chef rb| replace:: private-chef.rb
.. |push_jobs_server rb| replace:: opscode-push-jobs-server.rb
.. |rakefile| replace:: Rakefile
.. |rake rb| replace:: rake.rb
.. |rubocop yml| replace:: .rubocop.yml
.. |rubocop_todo yml| replace:: .rubocop_todo.yml
.. |rb| replace:: .rb
.. |server rb| replace:: server.rb
.. |spec_helper rb| replace:: spec_helper.rb
.. |supermarket rb| replace:: supermarket.rb
.. |thorfile| replace:: .thor
.. |solo rb| replace:: solo.rb
.. |solr rb| replace:: solr.rb
.. |user pem| replace:: USER.pem
.. |vagrantfile| replace:: Vagrantfile

.. 3rd-party terms that have trademark or copyright issues that we may need to track.
..

.. |7zip| replace:: 7-Zip
.. |aes 256 cbc| replace:: AES-256-CBC
.. |airbrake| replace:: Airbrake
.. |amazon auto_scaling| replace:: Auto Scaling
.. |amazon ami| replace:: Amazon Machine Images (AMI)
.. |amazon arn| replace:: Amazon Resource Name (ARN)
.. |amazon aws| replace:: Amazon Web Services (AWS)
.. |amazon aws autoscaling| replace:: AWS Auto Scaling
.. |amazon aws cloudformation| replace:: AWS CloudFormation
.. |amazon aws console| replace:: AWS Management Console
.. |amazon aws marketplace| replace:: AWS Marketplace
.. |amazon cloudsearch| replace:: Amazon CloudSearch
.. |amazon ebs| replace:: Amazon Elastic Block Store (EBS)
.. |amazon ebs_volume_general| replace:: EBS General Purpose
.. |amazon ebs_volume_provisioned| replace:: EBS Provisioned IOPS
.. |amazon ebs_volume_magnetic| replace:: EBS Magnetic
.. |amazon eni| replace:: elastic network interface (ENI)
.. |amazon ec2| replace:: Amazon EC2
.. |amazon ec2_classic| replace:: Amazon EC2-Classic
.. |amazon ec2_dedicated| replace:: Amazon EC2 Dedicated Instance
.. |amazon elasticache| replace:: Amazon ElastiCache
.. |amazon eip| replace:: Amazon Elastic IP Address (EIP)
.. |amazon elb| replace:: Amazon Elastic Load Balancing (ELB)
.. |amazon iam| replace:: Identity and Access Management (IAM)
.. |amazon linux| replace:: Amazon Linux
.. |amazon rds| replace:: Amazon Relational Database Service (RDS) 
.. |amazon s3| replace:: Amazon Simple Storage Service (S3)
.. |amazon sns| replace:: Amazon Simple Notification Service (SNS)
.. |amazon sqs| replace:: Amazon Simple Queue Service (SQS)
.. |amazon vpc| replace:: Amazon Virtual Private Cloud (VPC)
.. |amazon zones| replace:: availability zones
.. |apache| replace:: Apache
.. |apache 2| replace:: Apache2
.. |apache cassandra| replace:: Cassandra
.. |apache jetty| replace:: Jetty
.. |apache qpid| replace:: Apache Qpid
.. |apache solr| replace:: Apache Solr
.. |apache maven| replace:: Apache Maven
.. |apache mesos| replace:: Apache Mesos
.. |apache mesos_marathon| replace:: Mesosphere Marathon
.. |apache tomcat| replace:: Apache Tomcat
.. |apc| replace:: Alternative PHP Cache
.. |apple| replace:: Apple
.. |apple keynote| replace:: Keynote
.. |apple safari| replace:: Safari
.. |apple xcode| replace:: Apple XCode
.. |apple disk image| replace:: Apple Disk Image (.dmg)
.. |apt| replace:: Apt
.. |aptget| replace:: apt-get
.. |archlinux| replace:: Arch Linux
.. |archlinux pacman| replace:: pacman
.. |archlinux pkgbuild| replace:: PKGBUILD
.. |arista| replace:: Arista
.. |atlassian| replace:: Atlassian
.. |azure| replace:: Microsoft Azure
.. |azure marketplace| replace:: Azure Marketplace
.. |azure portal| replace:: Azure portal
.. |azure portal_preview| replace:: Azure preview portal
.. |azure portal_production| replace:: Azure production portal
.. |azure publish_settings| replace:: Azure Publish Settings
.. |azure hosted_service| replace:: Hosted Service Name
.. |baremetalcloud| replace:: baremetalcloud
.. |bash| replace:: Bash
.. |bash_bats| replace:: bats
.. |bazaar| replace:: Bazaar
.. |base64| replace:: Base64
.. |beam| replace:: BEAM
.. |bdd| replace:: behavior-driven development (BDD)
.. |berkeley db| replace:: Berkeley DB
.. |berkeley os| replace:: BSD
.. |berkshelf| replace:: Berkshelf
.. |bitbucket| replace:: Bitbucket
.. |bitbucket server| replace:: Bitbucket Server
.. |bittorrent| replace:: BitTorrent
.. |bluebox| replace:: Blue Box
.. |bluelock| replace:: Bluelock
.. |bluepill| replace:: Blue Pill
.. |bower| replace:: bower
.. |brightbox| replace:: brightbox
.. |bundler| replace:: Bundler
.. |c programming language| replace:: C
.. |ca| replace:: certificate authority (CA)
.. |campfire| replace:: Campfire
.. |capistrano| replace:: Capistrano
.. |celery| replace:: Celery
.. |centos| replace:: CentOS
.. |cfengine| replace:: CFEngine
.. |chmod| replace:: chmod
.. |chocolatey| replace:: Chocolatey
.. |chronos| replace:: Chronos
.. |cidr| replace:: classless inter-domain routing (CIDR)
.. |cisco| replace:: Cisco
.. |cisco asa| replace:: Cisco ASA
.. |cisco ucs| replace:: Cisco UCS
.. |clojure| replace:: Clojure
.. |cloudkick| replace:: Cloudkick
.. |cloudstack| replace:: CloudStack
.. |consul| replace:: Consul
.. |couch db| replace:: CouchDB
.. |cron| replace:: cron
.. |crond| replace:: cron.d
.. |crond app| replace:: crond
.. |crontab| replace:: crontab
.. |csh| replace:: csh
.. |csv| replace:: CSV
.. |curl| replace:: cURL
.. |daemontools| replace:: daemontools
.. |darwin| replace:: Darwin
.. |datadog| replace:: DATADOG
.. |datamapper| replace:: DataMapper
.. |deb_package| replace:: deb
.. |debian| replace:: Debian
.. |debian debconf| replace:: debconf
.. |debian dpkg| replace:: dpkg
.. |dhcp| replace:: Dynamic Host Configuration Protocol (DHCP)
.. |digital ocean| replace:: DigitalOcean
.. |django| replace:: Django
.. |djbdns| replace:: djbdns
.. |dmg| replace:: DMG
.. |dns| replace:: DNS
.. |dns update api| replace:: DNS Update API
.. |docker| replace:: Docker
.. |dropbox| replace:: Dropbox
.. |drbd| replace:: DRBD
.. |drbdadm| replace:: Drbdadm
.. |dynect| replace:: DynECT
.. |elrepo| replace:: ELRepo
.. |emacs| replace:: Emacs
.. |encrypt_then_mac| replace:: Encrypt-then-MAC(EtM)
.. |erb| replace:: Embedded Ruby (ERB)
.. |erlang| replace:: Erlang
.. |erlang solutions| replace:: Erlang Solutions
.. |erubis| replace:: Erubis
.. |etag| replace:: ETag
.. |etcd| replace:: etcd
.. |eucalyptus| replace:: Eucalyptus
.. |f5| replace:: F5
.. |fcgi| replace:: FastCGI
.. |fauxhai| replace:: Fauxhai
.. |fedora| replace:: Fedora
.. |fedora enterprise| replace:: Enterprise Fedora
.. |fedora epel| replace:: Extra Packages for Enterprise Linux
.. |firefox| replace:: Firefox
.. |fish| replace:: fish
.. |flowdock| replace:: Flowdock
.. |fog| replace:: Fog
.. |foodcritic| replace:: Foodcritic
.. |fqdn| replace:: FQDN
.. |freebsd| replace:: FreeBSD
.. |fsck| replace:: fsck
.. |gandi| replace:: gandi.net
.. |gem| replace:: gem
.. |gems| replace:: gems
.. |gemfilelock| replace:: Gemfile.lock
.. |gentoo| replace:: Gentoo
.. |gerrit| replace:: Gerrit
.. |git| replace:: git
.. |github| replace:: GitHub
.. |github com| replace:: https:/github.com
.. |github enterprise| replace:: GitHub Enterprise
.. |glesys| replace:: GleSYS
.. |gnu nano| replace:: GNU nano
.. |gnupg| replace:: GnuPG
.. |google| replace:: Google
.. |google chrome| replace:: Google Chrome
.. |google cloud platform| replace:: Google Cloud Platform
.. |google compute engine| replace:: Google Compute Engine
.. |google groups| replace:: Google Groups
.. |gnu pg| replace:: GNU Privacy Guard
.. |gnu wget| replace:: GNU Wget
.. |gpasswd| replace:: gpasswd
.. |graphite| replace:: Graphite
.. |graylog| replace:: Graylog2
.. |graylog gelf| replace:: Graylog Extended Log Format (GELF)
.. |groovy| replace:: Groovy
.. |groupadd| replace:: groupadd
.. |groupmod| replace:: groupmod
.. |growl| replace:: Growl
.. |gunicorn| replace:: Gunicorn
.. |gzip| replace:: gzip
.. |hipchat| replace:: HipChat
.. |hipchat notification| replace:: HipChat Notification
.. |hipaa| replace:: HIPAA
.. |homebrew| replace:: Homebrew
.. |horde| replace:: Horde
.. |hp cloud| replace:: HP Cloud Compute
.. |hpux| replace:: HP-UX
.. |httpd| replace:: httpd
.. |ibm aix| replace:: AIX
.. |ibm aix_bff| replace:: Backup File Format (BFF)
.. |ibm aix compiler_c| replace:: IBM XL C/C++
.. |ibm aix_src| replace:: System Resource Controller (SRC)
.. |ibm bffcreate| replace:: bffcreate
.. |ibm installp| replace:: installp
.. |icmp| replace:: ICMP
.. |ifconfig| replace:: ifconfig
.. |if_modified_since| replace:: If-Modified-Since
.. |inetd| replace:: inetd
.. |inno setup| replace:: Inno Setup
.. |installshield| replace:: InstallShield
.. |ipmi| replace:: IPMI
.. |ips| replace:: ips
.. |ipv4| replace:: Internet Protocol version 4 (IPv4)
.. |ipv6| replace:: Internet Protocol version 6 (IPv6)
.. |irc| replace:: Internet Relay Chat (IRC)
.. |irc snitch| replace:: IRC Snitch
.. |iso 8601| replace:: ISO-8601
.. |jar| replace:: JAR
.. |java| replace:: Java
.. |javascript| replace:: JavaScript
.. |jdk| replace:: JDK
.. |jenkins| replace:: Jenkins
.. |jfrog artifactory| replace:: JFrog Artifactory
.. |joyent| replace:: Joyent
.. |js| replace:: JavaScript
.. |json| replace:: JSON
.. |juniper| replace:: Juniper Networks
.. |juniper chef| replace:: Chef for Junos OS
.. |junit| replace:: JUnit
.. |junos| replace:: Junos OS
.. |jvm| replace:: JVM
.. |keepalived| replace:: Keepalived
.. |kerberos| replace:: Kerberos
.. |kornshell| replace:: Korn shell (ksh)
.. |ksh| replace:: ksh
.. |kubernetes| replace:: Kubernetes
.. |kvm| replace:: KVM
.. |ladvd| replace:: ladvd
.. |launchpad| replace:: Launchpad
.. |ldap| replace:: LDAP
.. |ldif| replace:: LDAP Directory Interchange Format (LDIF)
.. |librato| replace:: Librato's Metrics
.. |linode| replace:: Linode
.. |linode stackscripts| replace:: Linode StackScripts
.. |linux| replace:: Linux
.. |linux lxc| replace:: LXC
.. |lvm| replace:: logical volume manager (LVM)
.. |mac address| replace:: MAC address
.. |mac os x| replace:: Mac OS X
.. |macports| replace:: MacPorts
.. |markdown| replace:: Markdown
.. |maven| replace:: Maven
.. |md5| replace:: MD5
.. |mdadm| replace:: mdadm
.. |memcached| replace:: Memcached
.. |merb| replace:: Merb
.. |mercurial| replace:: Mercurial
.. |microsoft| replace:: Microsoft
.. |microsoft aspdotnet| replace:: ASP.NET
.. |microsoft cluster| replace:: Cluster
.. |microsoft core| replace:: Core
.. |microsoft datacenter| replace:: Datacenter
.. |microsoft dism| replace:: Deployment Image Servicing and Management (DISM)
.. |microsoft dotnet| replace:: .NET
.. |microsoft hyperv| replace:: Hyper-V Server
.. |microsoft iis| replace:: Internet Information Services (IIS)
.. |microsoft installer package| replace:: Microsoft Installer Package (MSI)
.. |microsoft isapi| replace:: Internet Server Application Programming Interface (ISAPI)
.. |microsoft ie| replace:: Internet Explorer
.. |microsoft msmq| replace:: Message Queuing (MSMQ)
.. |microsoft msiexec| replace:: Msiexec.exe
.. |microsoft negotiate| replace:: Negotiate
.. |microsoft netfx| replace:: NetFx
.. |microsoft ppt| replace:: PowerPoint
.. |microsoft servermanagercmd| replace:: Servermanagercmd
.. |microsoft sku| replace:: SKU
.. |microsoft sqlserver| replace:: SQL Server
.. |microsoft web deployment tool| replace:: Web Deployment Tool
.. |microsoft webpi| replace:: Microsoft Web Platform Installer (WebPI)
.. |microsoft webpicmdline| replace:: WebPICmdLine.exe
.. |minitest| replace:: Minitest
.. |mint| replace:: Linux Mint
.. |modphp| replace:: mod_php
.. |moneta| replace:: Moneta
.. |mongo db| replace:: MongoDB
.. |mysql| replace:: MySQL
.. |msn| replace:: MSN
.. |mustache| replace:: Mustache
.. |nagios| replace:: Nagios
.. |nagios nrpe| replace:: NRPE
.. |nagios nsca| replace:: NSCA
.. |nagle| replace:: Nagle
.. |netbios| replace:: NetBIOS
.. |netbsd| replace:: NetBSD
.. |netscalar| replace:: NetScalar
.. |nexenta core| replace:: Nexenta Core
.. |nexus| replace:: Nexus
.. |nginx| replace:: Nginx
.. |nodejs| replace:: Node.js
.. |notepad plusplus| replace:: Notepad++
.. |npm| replace:: npm
.. |nsis| replace:: Nullsoft Scriptable Install System (NSIS)
.. |ntlm| replace:: NTLM
.. |ntp| replace:: Network Time Protocol (NTP)
.. |oauth| replace:: OAuth
.. |oktawave cloud instances| replace:: Oktawave Cloud Instances
.. |omnios| replace:: OmniOS
.. |oneget| replace:: OneGet
.. |open bsd| replace:: OpenBSD
.. |open id| replace:: OpenID
.. |open indiana| replace:: Open Indiana
.. |open ldap| replace:: OpenLDAP
.. |open ssh| replace:: OpenSSH
.. |open ssl| replace:: OpenSSL
.. |opennebula| replace:: OpenNebula
.. |opensuse| replace:: openSUSE
.. |openstack| replace:: OpenStack
.. |openstack chef| replace:: Chef for OpenStack
.. |openstack chef_repo| replace:: OpenStack chef-repo
.. |openstack ceilometer| replace:: Ceilometer
.. |openstack cinder| replace:: Cinder
.. |openstack compute| replace:: Compute
.. |openstack glance| replace:: Glance
.. |openstack grizzly| replace:: OpenStack Grizzly
.. |openstack havana| replace:: OpenStack Havana
.. |openstack horizon| replace:: Horizon
.. |openstack icehouse| replace:: OpenStack Icehouse
.. |openstack juno| replace:: OpenStack Juno
.. |openstack kilo| replace:: OpenStack Kilo
.. |openstack keystone| replace:: Keystone
.. |openstack liberty| replace:: OpenStack Liberty
.. |openstack networking| replace:: Networking
.. |openstack nova| replace:: Nova
.. |openstack swift| replace:: Swift
.. |openvpn| replace:: OpenVPN
.. |oracle linux| replace:: Oracle Linux
.. |oracle solaris| replace:: Oracle Solaris
.. |packagecloud| replace:: packagecloud.io
.. |packer| replace:: Packer
.. |paludis| replace:: Paludis
.. |passenger| replace:: Passenger
.. |pci| replace:: PCI
.. |pear| replace:: PEAR
.. |pear channels| replace:: PEAR Channels
.. |pecl| replace:: PECL
.. |percona| replace:: Percona
.. |perl| replace:: Perl
.. |perl cpan| replace:: CPAN
.. |pester| replace:: Pester
.. |pgp| replace:: PGP
.. |php| replace:: PHP
.. |php extensions| replace:: PHP Extensions
.. |php pecl| replace:: PECL
.. |pony| replace:: pony
.. |posh| replace:: posh
.. |postgresql| replace:: PostgreSQL
.. |postgresql ctl| replace:: psql
.. |ppa| replace:: PPA
.. |ppa_full| replace:: Personal Package Archive (PPA)
.. |prettyprint| replace:: pretty-print
.. |profitbricks iaas| replace:: ProfitBricks IaaS
.. |puppet| replace:: Puppet
.. |putty| replace:: PuTTY
.. |putty link| replace:: Plink
.. |pxe| replace:: PXE
.. |pychef| replace:: PyChef
.. |python| replace:: Python
.. |python easy_install| replace:: Easy Install
.. |python package manager| replace:: Python Package Manager
.. |python pip| replace:: pip
.. |python sphinx| replace:: Sphinx
.. |python supervisor| replace:: Supervisor
.. |python virtualenv| replace:: virtualenv
.. |r project| replace:: R Project
.. |rabbitmq| replace:: RabbitMQ
.. |rabbitmq ctl| replace:: rabbitmqctl
.. |rabbitmq mgmt| replace:: rabbitmq-management plugin
.. |rackconnect| replace:: Rackconnect
.. |rackspace| replace:: Rackspace
.. |rackspace api_cloud_servers| replace:: Rackspace Cloud Servers API
.. |rackspace autoscale| replace:: Rackspace Auto Scale
.. |raid| replace:: RAID
.. |raid1| replace:: RAID1
.. |raid5| replace:: RAID5
.. |rake| replace:: Rake
.. |rbenv| replace:: rbenv
.. |redhat| replace:: Red Hat
.. |redhat enterprise linux| replace:: Red Hat Enterprise Linux
.. |redhat ius| replace:: Inline with Upstream Stable (IUS)
.. |redhat yum| replace:: Yum
.. |redis| replace:: Redis
.. |redis cli| replace:: redis-cli
.. |repoforge| replace:: RepoForge
.. |revealjs| replace:: reveal.js
.. |riak| replace:: Riak
.. |rightscale| replace:: RightScale
.. |rpm| replace:: RPM Package Manager
.. |rspec| replace:: RSpec
.. |rspec_dsl| replace:: RSpec DSL
.. |rsync| replace:: rsync
.. |rst| replace:: reStructuredText
.. |rubocop| replace:: RuboCop
.. |ruby| replace:: Ruby
.. |ruby hash| replace:: Hash
.. |ruby mash| replace:: mash
.. |ruby repl| replace:: read-eval-print-loop
.. |rubygems| replace:: RubyGems
.. |ruby irb| replace:: Interactive Ruby (IRb)
.. |ruby on rails| replace:: Ruby on Rails
.. |ruby proc| replace:: Proc
.. |ruby standard library| replace:: Ruby Standard Library
.. |ruby rvc| replace:: Ruby vSphere Console
.. |ruby unicorn| replace:: Unicorn
.. |rundeck| replace:: Rundeck
.. |runit| replace:: runit
.. |samba| replace:: Samba
.. |sbdm| replace:: SBDM
.. |scientific linux| replace:: Scientific Linux
.. |selinux| replace:: SELinux
.. |sensu| replace:: Sensu
.. |serf| replace:: Serf
.. |serverspec| replace:: Serverspec
.. |sha1| replace:: SHA1
.. |sha256| replace:: SHA-256
.. |sidekiq| replace:: Sidekiq
.. |skype| replace:: Skype
.. |slack| replace:: Slack
.. |slackware| replace:: Slackware
.. |slicehost| replace:: Slicehost
.. |smartos| replace:: SmartOS
.. |smtp| replace:: SMTP
.. |sns| replace:: SNS
.. |softlayer| replace:: SoftLayer
.. |solaris| replace:: Solaris
.. |solaris ips| replace:: Image Packaging System (IPS)
.. |solaris2| replace:: Solaris
.. |solaris open| replace:: OpenSolaris
.. |sarbanes oxley| replace:: Sarbanes-Oxley
.. |spiceweasel| replace:: Spiceweasel
.. |splunk| replace:: Splunk
.. |splunk enterprise| replace:: Splunk Enterprise
.. |splunk storm| replace:: Splunk Storm
.. |ssh| replace:: SSH
.. |ssl| replace:: SSL
.. |stackforge| replace:: StackForge
.. |statsd| replace:: StatsD
.. |stomp| replace:: STOMP
.. |sublime| replace:: Sublime Text
.. |sudo cmd| replace:: sudo
.. |supervisor| replace:: supervisor
.. |suse| replace:: openSUSE
.. |suse els| replace:: SUSE Enterprise Linux Server
.. |svlogd| replace:: svlogd
.. |svn| replace:: Subversion
.. |symfony| replace:: symfony
.. |sysctl| replace:: sysctl
.. |systemd| replace:: systemd
.. |tar gz| replace:: tar.gz
.. |tcp| replace:: TCP
.. |tcpip| replace:: TCP/IP
.. |telnet| replace:: Telnet
.. |terremark| replace:: Terremark
.. |textpad| replace:: TextPad
.. |thor| replace:: Thor
.. |tinydns| replace:: Tinydns
.. |tinydns edit| replace:: tinydns-edit
.. |tokyo cabinet| replace:: Tokyo Cabinet
.. |transmission| replace:: Transmission
.. |twitter| replace:: Twitter
.. |ubuntu| replace:: Ubuntu
.. |udp| replace:: UDP
.. |unicode| replace:: Unicode
.. |unicorn| replace:: Unicorn
.. |unix| replace:: UNIX
.. |unix vi| replace:: vi
.. |unix systemv| replace:: System V
.. |upstart| replace:: Upstart
.. |utc| replace:: UTC
.. |vagrant| replace:: Vagrant
.. |vcloud| replace:: vCloud
.. |vcloud datacenter| replace:: vCloud Datacenter
.. |vim| replace:: vim
.. |virtualbox| replace:: VirtualBox
.. |vlc| replace:: VLC media player
.. |vmware| replace:: VMware
.. |vmware fusion| replace:: VMware Fusion
.. |vmware fusion 5x| replace:: VMware Fusion 5.x
.. |vmware vcair| replace:: vCloud Air
.. |vmware vsphere| replace:: VMware vSphere
.. |voxel| replace:: Voxel
.. |vrrp| replace:: VRRP
.. |war| replace:: WAR
.. |windows| replace:: Microsoft Windows
.. |windows 7| replace:: Windows 7
.. |windows 7 enterprise| replace:: Windows 7 Enterprise
.. |windows 7 ultimate rc1| replace:: Windows 7 Ultimate RC1
.. |windows 8| replace:: Windows 8
.. |windows 8_1| replace:: Windows 8.1
.. |windows 2000| replace:: Windows 2000
.. |windows 2000 server sp4| replace:: Windows Server 2000 SP4
.. |windows 2003| replace:: Windows 2003
.. |windows 2003 server r2 standard| replace:: Windows Server 2003 R2 Standard
.. |windows 2008| replace:: Windows 2008
.. |windows 2008 server r2 standard| replace:: Windows Server 2008 R2 Standard
.. |windows 2012| replace:: Windows Server 2012
.. |windows ad| replace:: Active Directory
.. |windows basic| replace:: Basic
.. |windows chef| replace:: Chef for Microsoft Windows
.. |windows cmd exe| replace:: cmd.exe
.. |windows event logger| replace:: Windows Event Logger
.. |windows firewall| replace:: Windows Firewall
.. |windows home server| replace:: Windows Home Server
.. |windows kdc| replace:: Kerberos Key Distribution Center (KDC)
.. |windows management_framework| replace:: Windows Management Framework (WMF)
.. |windows powershell| replace:: Windows PowerShell
.. |windows powershell_dsc| replace:: Desired State Configuration (DSC)
.. |windows powershell_dsc_short| replace:: DSC
.. |windows powershell_dsc_resource_kit| replace:: DSC Resource Kit
.. |windows powershell_mof| replace:: Managed Object Framework (MOF)
.. |windows remote desktop| replace:: Windows Remote Desktop
.. |windows remote management| replace:: WinRM
.. |windows server| replace:: Windows Server
.. |windows server system_center| replace:: System Center
.. |windows service wrapper| replace:: Windows Service Wrapper
.. |windows task scheduler| replace:: Task Scheduler
.. |windows vista| replace:: Windows Vista
.. |windows vista ultimate| replace:: Windows Vista Ultimate
.. |windows wmi| replace:: Windows Management Instrumentation (WMI)
.. |windows xp| replace:: Windows XP
.. |windows xp pro| replace:: Windows XP Professional
.. |wise| replace:: Wise
.. |wordpress| replace:: WordPress
.. |ws management| replace:: WS-Management
.. |x509| replace:: X.509
.. |xenserver| replace:: Citrix XenServer
.. |yaml| replace:: YAML
.. |yum| replace:: Yum
.. |zabbix| replace:: Zabbix
.. |zenoss| replace:: Zenoss
.. |zenoss zendmd| replace:: ZenDMD
.. |zenoss zenpack| replace:: ZenPack
.. |zeromq| replace:: ZeroMQ
.. |zip| replace:: Zip
.. |zookeeper| replace:: ZooKeeper
.. |zsh| replace:: zsh

.. Unicode characters

.. |nbsp| unicode:: U+00A0
   :trim:

.. 3rd-party configuration files that pop up in various Chef install/config patterns.
..

.. |redis conf| replace:: redis.conf


.. Paths that exist in the Chef environment(s)
..

.. |path attributes default rb| replace:: ``attributes/default.rb``
.. |path chef etc| replace:: ``/etc/chef``
.. |path chef etc validation| replace:: ``/etc/chef/validation.pem``
.. |path chef client rb| replace:: ``/etc/chef/client.rb``
.. |path chef client rb windows| replace:: ``C:\chef\client.rb``
.. |path chef server chef server rb| replace:: ``/etc/chef-server/chef-server.rb``
.. |path chef server enterprise chef server rb| replace:: ``/etc/opscode/private-chef.rb``
.. |path chef server chef rb| replace:: ``/etc/chef/chef-server.rb``
.. |path chef server rb| replace:: ``/etc/chef/server.rb``
.. |path chef solo rb| replace:: ``/etc/chef/solo.rb``
.. |path chef solr rb| replace:: ``/etc/chef/solr.rb``
.. |path chef deploy cache file| replace:: ``/var/chef/cache/revision-deploys/APPNAME/``
.. |path chef private etc| replace:: ``/etc/opscode/private-chef.rb``
.. |path chef private key| replace:: ``/etc/chef/client.pem``
.. |path chef private key admin| replace:: ``~/.chef/client_name.pem``
.. |path chef rake rb| replace:: ``/config/rake.rb``
.. |path cookbook library| replace:: ``/libraries/library_name.rb``
.. |path cookbook library rb| replace:: ``/library_name.rb``
.. |path encrypted data bag secret| replace:: ``/etc/chef/encrypted_data_bag_secret``
.. |path etc sudoers| replace:: ``/etc/sudoers``
.. |path etc sudoers d| replace:: ``/etc/sudoers.d``
.. |path knife plugins| replace:: ``~/.chef/plugins/knife/``
.. |path knife rb| replace:: ``~/chef-repo/.chef/knife.rb``
.. |path knife rb windows| replace:: ``c:\Users\username\.chef``
.. |path knife rb secondary| replace:: ``.chef/knife.rb``
.. |path omnibus install_client| replace:: ``/opt/chef/``
.. |path recipes default rb| replace:: ``/recipes/default.rb``
.. |path trusted_certs| replace:: ``/.chef/trusted_certs``
.. |path user sendmail| replace:: ``/usr/sbin/sendmail``

.. This is in the bootstrap command line documentation for Knife. Keep. This could change.
..

.. |default bootstrap| replace:: Ubuntu 10.04 with RubyGems


.. URLs that exist in the Chef environment(s).
..

.. |url api_chef_server| replace:: https://api.opscode.com
.. |url api_cookbooks| replace:: https://supermarket.chef.io/api/v1/cookbooks
.. |url azure_preview| replace:: https://portal.azure.com
.. |url azure_production| replace:: https://manage.windowsazure.com/
.. |url bootstrap_s3| replace:: s3.amazonaws.com
.. |url codeacademy| replace:: http://www.codecademy.com/tracks/ruby
.. |url msdn_registry_key| replace:: http://msdn.microsoft.com/en-us/library/windows/desktop/aa384235(v=vs.85).aspx

.. |url docs| replace:: https://docs.chef.io/
.. |url docs_attributes| replace:: https://docs.chef.io/attributes.html
.. |url docs_resources_all| replace:: https://docs.chef.io/resources.html
.. |url docs_knife_png| replace:: https://github.com/chef/quick-reference/blob/master/qr_knife_web.png

.. |url docs_repo| replace:: https://github.com/chef/quick-reference
.. |url docs_repo_qr| replace:: https://github.com/chef/quick-reference

.. |url chef| replace:: https://www.chef.io
.. |url chef_install| replace:: https://downloads.chef.io/
.. |url chef_install_oec| replace:: https://www.chef.io/chef/
.. |url chef_repo| replace:: https://github.com/chef/chef-repo
.. |url community| replace:: https://supermarket.chef.io
.. |url community_cookbooks| replace:: https://supermarket.chef.io/cookbooks
.. |url community_lists| replace:: https://discourse.chef.io/
.. |url get_chef| replace:: https://www.chef.io/chef/choose-your-version/
.. |url opscode_youtube_short_part_one| replace:: http://www.youtube.com/watch?v=Ia2ItmjRsw8
.. |url opscode_youtube_short_part_two| replace:: http://www.youtube.com/watch?v=Ss6P92L_sCA
.. |url pricing| replace:: https://www.chef.io/chef/#plans-and-pricing
.. |url ruby_doc_org| replace:: http://www.ruby-doc.org/stdlib/
.. |url ruby_lang_org| replace:: http://www.ruby-lang.org/en/documentation/
.. |url ruby_power_of_chef| replace:: http://blog.loftninjas.org/2011/02/16/the-power-of-chef-and-ruby/
.. |url rabbitmqssl| replace:: https://www.rabbitmq.com/ssl.html


.. URLs that exist in slide decks ONLY.
..

.. |url slides_chef_slides| raw:: html

    <a href="https://github.com/chef/chef-slides/" target="_blank">https://github.com/chef/chef-slides/</a>

.. |url slides_chef_io| raw:: html

    <a href="https://chef.io" target="_blank">https://chef.io</a>

.. |url slides_docs_chef_io| raw:: html

    <a href="https://docs.chef.io" target="_blank">https://docs.chef.io</a>

.. |url slides_learn_chef_io| raw:: html

    <a href="https://learn.chef.io" target="_blank">https://learn.chef.io</a>

.. |url slides_supermarket_chef_io| raw:: html

    <a href="https://supermarket.chef.io" target="_blank">https://supermarket.chef.io</a>

.. |url slides_chef_lists| raw:: html

    <a href="http://lists.chef.io/sympa" target="_blank">http://lists.chef.io/sympa</a>

.. |url slides_chef_youtube| raw:: html

    <a href="http://youtube.com/getchef" target="_blank">http://youtube.com/getchef</a>

.. |url slides_foodcritic| raw:: html

    <a href="http://acrmp.github.io/foodcritic/" target="_blank">http://acrmp.github.io/foodcritic/</a>

.. |url slides_docs_foodcritic| raw:: html

    <a href="https://docs.chef.io/devkit/foodcritic.html" target="_blank">https://docs.chef.io/devkit/foodcritic.html</a>

.. |url slides_kitchen| raw:: html

    <a href="http://kitchen.ci" target="_blank">http://kitchen.ci</a>

.. |url slides_docs_kitchen| raw:: html

    <a href="https://docs.chef.io/devkit/kitchen.html" target="_blank">https://docs.chef.io/devkit/kitchen.html</a>

.. |url slides_serverspec| raw:: html

    <a href="http://serverspec.org/" target="_blank">http://serverspec.org/</a>

.. |url slides_docs_resources| raw:: html

    <a href="https://docs.chef.io/resources.html" target="_blank">https://docs.chef.io/resources.html</a>

.. |url slides_chefspec| raw:: html

    <a href="https://github.com/sethvargo/chefspec" target="_blank">https://github.com/sethvargo/chefspec</a>

.. |url slides_docs_chefspec| raw:: html

    <a href="https://docs.chef.io/devkit/chefspec.html" target="_blank">https://docs.chef.io/devkit/chefspec.html</a>
